probe_id,literal,probe_kind,actual_valid,epoch,p_valid,correct
V1,((((())))),valid,True,0,0.060214,0
V1,((((())))),valid,True,10,0.661283,1
V1,((((())))),valid,True,20,0.745082,1
V1,((((())))),valid,True,30,0.699941,1
V1,((((())))),valid,True,40,0.765301,1
V1,((((())))),valid,True,50,0.683127,1
V1,((((())))),valid,True,60,0.802932,1
V1,((((())))),valid,True,70,0.688651,1
V1,((((())))),valid,True,80,0.760891,1
V2,(((()()))),valid,True,0,0.059423,0
V2,(((()()))),valid,True,10,0.615178,1
V2,(((()()))),valid,True,20,0.694301,1
V2,(((()()))),valid,True,30,0.640077,1
V2,(((()()))),valid,True,40,0.667226,1
V2,(((()()))),valid,True,50,0.598041,1
V2,(((()()))),valid,True,60,0.707744,1
V2,(((()()))),valid,True,70,0.612340,1
V2,(((()()))),valid,True,80,0.686293,1
V3,(((())())),valid,True,0,0.059384,0
V3,(((())())),valid,True,10,0.690194,1
V3,(((())())),valid,True,20,0.800735,1
V3,(((())())),valid,True,30,0.815759,1
V3,(((())())),valid,True,40,0.890596,1
V3,(((())())),valid,True,50,0.831528,1
V3,(((())())),valid,True,60,0.890884,1
V3,(((())())),valid,True,70,0.791609,1
V3,(((())())),valid,True,80,0.852587,1
V4,(((()))()),valid,True,0,0.055099,0
V4,(((()))()),valid,True,10,0.502080,1
V4,(((()))()),valid,True,20,0.612479,1
V4,(((()))()),valid,True,30,0.693143,1
V4,(((()))()),valid,True,40,0.796443,1
V4,(((()))()),valid,True,50,0.751622,1
V4,(((()))()),valid,True,60,0.759825,1
V4,(((()))()),valid,True,70,0.654987,1
V4,(((()))()),valid,True,80,0.742731,1
V5,(((())))(),valid,True,0,0.055515,0
V5,(((())))(),valid,True,10,0.707601,1
V5,(((())))(),valid,True,20,0.724017,1
V5,(((())))(),valid,True,30,0.680820,1
V5,(((())))(),valid,True,40,0.702992,1
V5,(((())))(),valid,True,50,0.606398,1
V5,(((())))(),valid,True,60,0.590743,1
V5,(((())))(),valid,True,70,0.427664,0
V5,(((())))(),valid,True,80,0.538732,1
V6,((()(()))),valid,True,0,0.059287,0
V6,((()(()))),valid,True,10,0.627448,1
V6,((()(()))),valid,True,20,0.715731,1
V6,((()(()))),valid,True,30,0.671164,1
V6,((()(()))),valid,True,40,0.718323,1
V6,((()(()))),valid,True,50,0.642229,1
V6,((()(()))),valid,True,60,0.751577,1
V6,((()(()))),valid,True,70,0.641009,1
V6,((()(()))),valid,True,80,0.718598,1
V7,((()()())),valid,True,0,0.059529,0
V7,((()()())),valid,True,10,0.711148,1
V7,((()()())),valid,True,20,0.823213,1
V7,((()()())),valid,True,30,0.834988,1
V7,((()()())),valid,True,40,0.900638,1
V7,((()()())),valid,True,50,0.844144,1
V7,((()()())),valid,True,60,0.911388,1
V7,((()()())),valid,True,70,0.827372,1
V7,((()()())),valid,True,80,0.875222,1
V8,((()())()),valid,True,0,0.055044,0
V8,((()())()),valid,True,10,0.514535,1
V8,((()())()),valid,True,20,0.621694,1
V8,((()())()),valid,True,30,0.690781,1
V8,((()())()),valid,True,40,0.791370,1
V8,((()())()),valid,True,50,0.737348,1
V8,((()())()),valid,True,60,0.743041,1
V8,((()())()),valid,True,70,0.624442,1
V8,((()())()),valid,True,80,0.720713,1
V9,((()()))(),valid,True,0,0.055595,0
V9,((()()))(),valid,True,10,0.727136,1
V9,((()()))(),valid,True,20,0.755944,1
V9,((()()))(),valid,True,30,0.732659,1
V9,((()()))(),valid,True,40,0.786327,1
V9,((()()))(),valid,True,50,0.698894,1
V9,((()()))(),valid,True,60,0.692820,1
V9,((()()))(),valid,True,70,0.523366,1
V9,((()()))(),valid,True,80,0.631388,1
V10,((())(())),valid,True,0,0.058586,0
V10,((())(())),valid,True,10,0.670394,1
V10,((())(())),valid,True,20,0.792060,1
V10,((())(())),valid,True,30,0.815765,1
V10,((())(())),valid,True,40,0.882995,1
V10,((())(())),valid,True,50,0.821448,1
V10,((())(())),valid,True,60,0.868449,1
V10,((())(())),valid,True,70,0.760202,1
V10,((())(())),valid,True,80,0.827692,1
V11,((())()()),valid,True,0,0.054637,0
V11,((())()()),valid,True,10,0.493621,0
V11,((())()()),valid,True,20,0.616919,1
V11,((())()()),valid,True,30,0.695539,1
V11,((())()()),valid,True,40,0.776600,1
V11,((())()()),valid,True,50,0.731302,1
V11,((())()()),valid,True,60,0.720734,1
V11,((())()()),valid,True,70,0.617204,1
V11,((())()()),valid,True,80,0.707115,1
V12,((())())(),valid,True,0,0.054782,0
V12,((())())(),valid,True,10,0.687788,1
V12,((())())(),valid,True,20,0.705142,1
V12,((())())(),valid,True,30,0.664979,1
V12,((())())(),valid,True,40,0.649945,1
V12,((())())(),valid,True,50,0.542422,1
V12,((())())(),valid,True,60,0.470611,0
V12,((())())(),valid,True,70,0.329096,0
V12,((())())(),valid,True,80,0.432792,0
V13,((()))(()),valid,True,0,0.054301,0
V13,((()))(()),valid,True,10,0.531223,1
V13,((()))(()),valid,True,20,0.658738,1
V13,((()))(()),valid,True,30,0.757679,1
V13,((()))(()),valid,True,40,0.820972,1
V13,((()))(()),valid,True,50,0.756820,1
V13,((()))(()),valid,True,60,0.679484,1
V13,((()))(()),valid,True,70,0.542175,1
V13,((()))(()),valid,True,80,0.648889,1
V14,((()))()(),valid,True,0,0.055291,0
V14,((()))()(),valid,True,10,0.749986,1
V14,((()))()(),valid,True,20,0.790626,1
V14,((()))()(),valid,True,30,0.782975,1
V14,((()))()(),valid,True,40,0.740443,1
V14,((()))()(),valid,True,50,0.632436,1
V14,((()))()(),valid,True,60,0.509884,1
V14,((()))()(),valid,True,70,0.359073,0
V14,((()))()(),valid,True,80,0.459073,0
V15,(()((()))),valid,True,0,0.059202,0
V15,(()((()))),valid,True,10,0.622529,1
V15,(()((()))),valid,True,20,0.709860,1
V15,(()((()))),valid,True,30,0.659230,1
V15,(()((()))),valid,True,40,0.700188,1
V15,(()((()))),valid,True,50,0.626080,1
V15,(()((()))),valid,True,60,0.737466,1
V15,(()((()))),valid,True,70,0.629574,1
V15,(()((()))),valid,True,80,0.707489,1
V16,(()(()())),valid,True,0,0.059354,0
V16,(()(()())),valid,True,10,0.703289,1
V16,(()(()())),valid,True,20,0.817933,1
V16,(()(()())),valid,True,30,0.831560,1
V16,(()(()())),valid,True,40,0.899636,1
V16,(()(()())),valid,True,50,0.842710,1
V16,(()(()())),valid,True,60,0.904787,1
V16,(()(()())),valid,True,70,0.814510,1
V16,(()(()())),valid,True,80,0.867370,1
V17,(()(())()),valid,True,0,0.054938,0
V17,(()(())()),valid,True,10,0.509530,1
V17,(()(())()),valid,True,20,0.618971,1
V17,(()(())()),valid,True,30,0.687330,1
V17,(()(())()),valid,True,40,0.782214,1
V17,(()(())()),valid,True,50,0.727060,1
V17,(()(())()),valid,True,60,0.723932,1
V17,(()(())()),valid,True,70,0.603162,1
V17,(()(())()),valid,True,80,0.702466,1
V18,(()(()))(),valid,True,0,0.055439,0
V18,(()(()))(),valid,True,10,0.719362,1
V18,(()(()))(),valid,True,20,0.746137,1
V18,(()(()))(),valid,True,30,0.718666,1
V18,(()(()))(),valid,True,40,0.755956,1
V18,(()(()))(),valid,True,50,0.660863,1
V18,(()(()))(),valid,True,60,0.629483,1
V18,(()(()))(),valid,True,70,0.461034,0
V18,(()(()))(),valid,True,80,0.573112,1
V19,(()()(())),valid,True,0,0.058530,0
V19,(()()(())),valid,True,10,0.666012,1
V19,(()()(())),valid,True,20,0.786403,1
V19,(()()(())),valid,True,30,0.805711,1
V19,(()()(())),valid,True,40,0.874277,1
V19,(()()(())),valid,True,50,0.811706,1
V19,(()()(())),valid,True,60,0.864210,1
V19,(()()(())),valid,True,70,0.755427,1
V19,(()()(())),valid,True,80,0.824019,1
V20,(()()()()),valid,True,0,0.054632,0
V20,(()()()()),valid,True,10,0.491122,0
V20,(()()()()),valid,True,20,0.611355,1
V20,(()()()()),valid,True,30,0.679054,1
V20,(()()()()),valid,True,40,0.751065,1
V20,(()()()()),valid,True,50,0.711172,1
V20,(()()()()),valid,True,60,0.719833,1
V20,(()()()()),valid,True,70,0.630782,1
V20,(()()()()),valid,True,80,0.712149,1
V21,(()()())(),valid,True,0,0.054735,0
V21,(()()())(),valid,True,10,0.683889,1
V21,(()()())(),valid,True,20,0.700686,1
V21,(()()())(),valid,True,30,0.666745,1
V21,(()()())(),valid,True,40,0.692224,1
V21,(()()())(),valid,True,50,0.597579,1
V21,(()()())(),valid,True,60,0.552207,1
V21,(()()())(),valid,True,70,0.402477,0
V21,(()()())(),valid,True,80,0.507802,1
V22,(()())(()),valid,True,0,0.054211,0
V22,(()())(()),valid,True,10,0.525482,1
V22,(()())(()),valid,True,20,0.653932,1
V22,(()())(()),valid,True,30,0.752588,1
V22,(()())(()),valid,True,40,0.808232,1
V22,(()())(()),valid,True,50,0.741492,1
V22,(()())(()),valid,True,60,0.648943,1
V22,(()())(()),valid,True,70,0.515295,1
V22,(()())(()),valid,True,80,0.622332,1
V23,(()())()(),valid,True,0,0.055148,0
V23,(()())()(),valid,True,10,0.742064,1
V23,(()())()(),valid,True,20,0.777836,1
V23,(()())()(),valid,True,30,0.757295,1
V23,(()())()(),valid,True,40,0.668473,1
V23,(()())()(),valid,True,50,0.552550,1
V23,(()())()(),valid,True,60,0.401688,0
V23,(()())()(),valid,True,70,0.282451,0
V23,(()())()(),valid,True,80,0.370906,0
V24,(())((())),valid,True,0,0.058491,0
V24,(())((())),valid,True,10,0.676273,1
V24,(())((())),valid,True,20,0.800255,1
V24,(())((())),valid,True,30,0.821146,1
V24,(())((())),valid,True,40,0.883770,1
V24,(())((())),valid,True,50,0.821191,1
V24,(())((())),valid,True,60,0.868307,1
V24,(())((())),valid,True,70,0.760106,1
V24,(())((())),valid,True,80,0.826192,1
V25,(())(()()),valid,True,0,0.054468,0
V25,(())(()()),valid,True,10,0.496680,0
V25,(())(()()),valid,True,20,0.620228,1
V25,(())(()()),valid,True,30,0.687866,1
V25,(())(()()),valid,True,40,0.755631,1
V25,(())(()()),valid,True,50,0.703279,1
V25,(())(()()),valid,True,60,0.680694,1
V25,(())(()()),valid,True,70,0.570029,1
V25,(())(()()),valid,True,80,0.664767,1
V26,(())(())(),valid,True,0,0.054660,0
V26,(())(())(),valid,True,10,0.692357,1
V26,(())(())(),valid,True,20,0.713811,1
V26,(())(())(),valid,True,30,0.679755,1
V26,(())(())(),valid,True,40,0.656641,1
V26,(())(())(),valid,True,50,0.543224,1
V26,(())(())(),valid,True,60,0.433285,0
V26,(())(())(),valid,True,70,0.303128,0
V26,(())(())(),valid,True,80,0.399513,0
V27,(())()(()),valid,True,0,0.054248,0
V27,(())()(()),valid,True,10,0.537321,1
V27,(())()(()),valid,True,20,0.664641,1
V27,(())()(()),valid,True,30,0.753363,1
V27,(())()(()),valid,True,40,0.803554,1
V27,(())()(()),valid,True,50,0.728190,1
V27,(())()(()),valid,True,60,0.636568,1
V27,(())()(()),valid,True,70,0.494826,0
V27,(())()(()),valid,True,80,0.603495,1
V28,(())()()(),valid,True,0,0.055283,0
V28,(())()()(),valid,True,10,0.757319,1
V28,(())()()(),valid,True,20,0.804956,1
V28,(())()()(),valid,True,30,0.813906,1
V28,(())()()(),valid,True,40,0.795180,1
V28,(())()()(),valid,True,50,0.694882,1
V28,(())()()(),valid,True,60,0.559034,1
V28,(())()()(),valid,True,70,0.406972,0
V28,(())()()(),valid,True,80,0.506862,1
V29,()(((()))),valid,True,0,0.059189,0
V29,()(((()))),valid,True,10,0.624056,1
V29,()(((()))),valid,True,20,0.711566,1
V29,()(((()))),valid,True,30,0.659877,1
V29,()(((()))),valid,True,40,0.701433,1
V29,()(((()))),valid,True,50,0.626275,1
V29,()(((()))),valid,True,60,0.739098,1
V29,()(((()))),valid,True,70,0.629742,1
V29,()(((()))),valid,True,80,0.707900,1
V30,()((()())),valid,True,0,0.059363,0
V30,()((()())),valid,True,10,0.705768,1
V30,()((()())),valid,True,20,0.820361,1
V30,()((()())),valid,True,30,0.833153,1
V30,()((()())),valid,True,40,0.900676,1
V30,()((()())),valid,True,50,0.844064,1
V30,()((()())),valid,True,60,0.907369,1
V30,()((()())),valid,True,70,0.818915,1
V30,()((()())),valid,True,80,0.870218,1
V31,()((())()),valid,True,0,0.054931,0
V31,()((())()),valid,True,10,0.511067,1
V31,()((())()),valid,True,20,0.619521,1
V31,()((())()),valid,True,30,0.685926,1
V31,()((())()),valid,True,40,0.780928,1
V31,()((())()),valid,True,50,0.725077,1
V31,()((())()),valid,True,60,0.722095,1
V31,()((())()),valid,True,70,0.601386,1
V31,()((())()),valid,True,80,0.700452,1
V32,()((()))(),valid,True,0,0.055442,0
V32,()((()))(),valid,True,10,0.721706,1
V32,()((()))(),valid,True,20,0.749943,1
V32,()((()))(),valid,True,30,0.725664,1
V32,()((()))(),valid,True,40,0.768649,1
V32,()((()))(),valid,True,50,0.675726,1
V32,()((()))(),valid,True,60,0.644926,1
V32,()((()))(),valid,True,70,0.477079,0
V32,()((()))(),valid,True,80,0.586659,1
O1,(((()))))),off_by_one,False,0,0.060431,1
O1,(((()))))),off_by_one,False,10,0.643843,0
O1,(((()))))),off_by_one,False,20,0.718064,0
O1,(((()))))),off_by_one,False,30,0.673261,0
O1,(((()))))),off_by_one,False,40,0.733408,0
O1,(((()))))),off_by_one,False,50,0.656330,0
O1,(((()))))),off_by_one,False,60,0.767265,0
O1,(((()))))),off_by_one,False,70,0.659906,0
O1,(((()))))),off_by_one,False,80,0.734087,0
O2,((()())))),off_by_one,False,0,0.060434,1
O2,((()())))),off_by_one,False,10,0.669009,0
O2,((()())))),off_by_one,False,20,0.752029,0
O2,((()())))),off_by_one,False,30,0.709406,0
O2,((()())))),off_by_one,False,40,0.774552,0
O2,((()())))),off_by_one,False,50,0.691010,0
O2,((()())))),off_by_one,False,60,0.809815,0
O2,((()())))),off_by_one,False,70,0.697626,0
O2,((()())))),off_by_one,False,80,0.766694,0
O3,((())()))),off_by_one,False,0,0.059526,1
O3,((())()))),off_by_one,False,10,0.619309,0
O3,((())()))),off_by_one,False,20,0.703251,0
O3,((())()))),off_by_one,False,30,0.665169,0
O3,((())()))),off_by_one,False,40,0.714562,0
O3,((())()))),off_by_one,False,50,0.642732,0
O3,((())()))),off_by_one,False,60,0.744239,0
O3,((())()))),off_by_one,False,70,0.642380,0
O3,((())()))),off_by_one,False,80,0.716698,0
O4,((()))())),off_by_one,False,0,0.059590,1
O4,((()))())),off_by_one,False,10,0.698180,0
O4,((()))())),off_by_one,False,20,0.808260,0
O4,((()))())),off_by_one,False,30,0.824540,0
O4,((()))())),off_by_one,False,40,0.895968,0
O4,((()))())),off_by_one,False,50,0.838098,0
O4,((()))())),off_by_one,False,60,0.900476,0
O4,((()))())),off_by_one,False,70,0.808486,0
O4,((()))())),off_by_one,False,80,0.862791,0
O5,((())))(((,off_by_one,False,0,0.033656,1
O5,((())))(((,off_by_one,False,10,0.093698,1
O5,((())))(((,off_by_one,False,20,0.023133,1
O5,((())))(((,off_by_one,False,30,0.004460,1
O5,((())))(((,off_by_one,False,40,0.000371,1
O5,((())))(((,off_by_one,False,50,0.000209,1
O5,((())))(((,off_by_one,False,60,0.000131,1
O5,((())))(((,off_by_one,False,70,0.000102,1
O5,((())))(((,off_by_one,False,80,0.000133,1
O6,((())))()),off_by_one,False,0,0.055230,1
O6,((())))()),off_by_one,False,10,0.506667,0
O6,((())))()),off_by_one,False,20,0.616590,0
O6,((())))()),off_by_one,False,30,0.699749,0
O6,((())))()),off_by_one,False,40,0.805510,0
O6,((())))()),off_by_one,False,50,0.758480,0
O6,((())))()),off_by_one,False,60,0.766634,0
O6,((())))()),off_by_one,False,70,0.657170,0
O6,((())))()),off_by_one,False,80,0.746879,0
O7,((()))))(),off_by_one,False,0,0.055705,1
O7,((()))))(),off_by_one,False,10,0.715366,0
O7,((()))))(),off_by_one,False,20,0.734803,0
O7,((()))))(),off_by_one,False,30,0.692663,0
O7,((()))))(),off_by_one,False,40,0.715839,0
O7,((()))))(),off_by_one,False,50,0.617950,0
O7,((()))))(),off_by_one,False,60,0.620475,0
O7,((()))))(),off_by_one,False,70,0.448870,1
O7,((()))))(),off_by_one,False,80,0.562324,0
O8,((())))))(,off_by_one,False,0,0.039640,1
O8,((())))))(,off_by_one,False,10,0.121785,1
O8,((())))))(,off_by_one,False,20,0.042065,1
O8,((())))))(,off_by_one,False,30,0.015272,1
O8,((())))))(,off_by_one,False,40,0.009367,1
O8,((())))))(,off_by_one,False,50,0.006969,1
O8,((())))))(,off_by_one,False,60,0.008259,1
O8,((())))))(,off_by_one,False,70,0.005591,1
O8,((())))))(,off_by_one,False,80,0.007560,1
O9,((())))))),off_by_one,False,0,0.060666,1
O9,((())))))),off_by_one,False,10,0.653782,0
O9,((())))))),off_by_one,False,20,0.731080,0
O9,((())))))),off_by_one,False,30,0.693236,0
O9,((())))))),off_by_one,False,40,0.761880,0
O9,((())))))),off_by_one,False,50,0.682017,0
O9,((())))))),off_by_one,False,60,0.790208,0
O9,((())))))),off_by_one,False,70,0.679125,0
O9,((())))))),off_by_one,False,80,0.751584,0
O10,(()(())))),off_by_one,False,0,0.060246,1
O10,(()(())))),off_by_one,False,10,0.659005,0
O10,(()(())))),off_by_one,False,20,0.742411,0
O10,(()(())))),off_by_one,False,30,0.697869,0
O10,(()(())))),off_by_one,False,40,0.760667,0
O10,(()(())))),off_by_one,False,50,0.678973,0
O10,(()(())))),off_by_one,False,60,0.797213,0
O10,(()(())))),off_by_one,False,70,0.684403,0
O10,(()(())))),off_by_one,False,80,0.756237,0
O11,(()()()))),off_by_one,False,0,0.059487,1
O11,(()()()))),off_by_one,False,10,0.613972,0
O11,(()()()))),off_by_one,False,20,0.692246,0
O11,(()()()))),off_by_one,False,30,0.638945,0
O11,(()()()))),off_by_one,False,40,0.664100,0
O11,(()()()))),off_by_one,False,50,0.595396,0
O11,(()()()))),off_by_one,False,60,0.703987,0
O11,(()()()))),off_by_one,False,70,0.613260,0
O11,(()()()))),off_by_one,False,80,0.684733,0
O12,(()())())),off_by_one,False,0,0.059424,1
O12,(()())())),off_by_one,False,10,0.687888,0
O12,(()())())),off_by_one,False,20,0.797724,0
O12,(()())())),off_by_one,False,30,0.813441,0
O12,(()())())),off_by_one,False,40,0.888325,0
O12,(()())())),off_by_one,False,50,0.829077,0
O12,(()())())),off_by_one,False,60,0.889766,0
O12,(()())())),off_by_one,False,70,0.791963,0
O12,(()())())),off_by_one,False,80,0.852073,0
O13,(()()))(((,off_by_one,False,0,0.033615,1
O13,(()()))(((,off_by_one,False,10,0.092727,1
O13,(()()))(((,off_by_one,False,20,0.023191,1
O13,(()()))(((,off_by_one,False,30,0.004691,1
O13,(()()))(((,off_by_one,False,40,0.000438,1
O13,(()()))(((,off_by_one,False,50,0.000245,1
O13,(()()))(((,off_by_one,False,60,0.000155,1
O13,(()()))(((,off_by_one,False,70,0.000118,1
O13,(()()))(((,off_by_one,False,80,0.000154,1
O14,(()()))()),off_by_one,False,0,0.055154,1
O14,(()()))()),off_by_one,False,10,0.500764,0
O14,(()()))()),off_by_one,False,20,0.611481,0
O14,(()()))()),off_by_one,False,30,0.693624,0
O14,(()()))()),off_by_one,False,40,0.797838,0
O14,(()()))()),off_by_one,False,50,0.754867,0
O14,(()()))()),off_by_one,False,60,0.767752,0
O14,(()()))()),off_by_one,False,70,0.667720,0
O14,(()()))()),off_by_one,False,80,0.751851,0
O15,(()())))(),off_by_one,False,0,0.055561,1
O15,(()())))(),off_by_one,False,10,0.705658,0
O15,(()())))(),off_by_one,False,20,0.720549,0
O15,(()())))(),off_by_one,False,30,0.676483,0
O15,(()())))(),off_by_one,False,40,0.702243,0
O15,(()())))(),off_by_one,False,50,0.609578,0
O15,(()())))(),off_by_one,False,60,0.607621,0
O15,(()())))(),off_by_one,False,70,0.445930,1
O15,(()())))(),off_by_one,False,80,0.556347,0
O16,(()()))))(,off_by_one,False,0,0.039544,1
O16,(()()))))(,off_by_one,False,10,0.118513,1
O16,(()()))))(,off_by_one,False,20,0.041131,1
O16,(()()))))(,off_by_one,False,30,0.015198,1
O16,(()()))))(,off_by_one,False,40,0.009527,1
O16,(()()))))(,off_by_one,False,50,0.007190,1
O16,(()()))))(,off_by_one,False,60,0.008455,1
O16,(()()))))(,off_by_one,False,70,0.005819,1
O16,(()()))))(,off_by_one,False,80,0.007796,1
O17,(()()))))),off_by_one,False,0,0.060505,1
O17,(()()))))),off_by_one,False,10,0.641222,0
O17,(()()))))),off_by_one,False,20,0.713990,0
O17,(()()))))),off_by_one,False,30,0.669889,0
O17,(()()))))),off_by_one,False,40,0.727698,0
O17,(()()))))),off_by_one,False,50,0.651541,0
O17,(()()))))),off_by_one,False,60,0.760049,0
O17,(()()))))),off_by_one,False,70,0.656024,0
O17,(()()))))),off_by_one,False,80,0.729013,0
O18,(())(()))),off_by_one,False,0,0.059308,1
O18,(())(()))),off_by_one,False,10,0.625347,0
O18,(())(()))),off_by_one,False,20,0.714080,0
O18,(())(()))),off_by_one,False,30,0.670677,0
O18,(())(()))),off_by_one,False,40,0.717331,0
O18,(())(()))),off_by_one,False,50,0.642472,0
O18,(())(()))),off_by_one,False,60,0.751144,0
O18,(())(()))),off_by_one,False,70,0.643569,0
O18,(())(()))),off_by_one,False,80,0.719857,0
O19,(())()())),off_by_one,False,0,0.059529,1
O19,(())()())),off_by_one,False,10,0.707913,0
O19,(())()())),off_by_one,False,20,0.820652,0
O19,(())()())),off_by_one,False,30,0.834306,0
O19,(())()())),off_by_one,False,40,0.899954,0
O19,(())()())),off_by_one,False,50,0.842862,0
O19,(())()())),off_by_one,False,60,0.907646,0
O19,(())()())),off_by_one,False,70,0.820742,0
O19,(())()())),off_by_one,False,80,0.870708,0
O20,(())())(((,off_by_one,False,0,0.033607,1
O20,(())())(((,off_by_one,False,10,0.094742,1
O20,(())())(((,off_by_one,False,20,0.023072,1
O20,(())())(((,off_by_one,False,30,0.004244,1
O20,(())())(((,off_by_one,False,40,0.000307,1
O20,(())())(((,off_by_one,False,50,0.000172,1
O20,(())())(((,off_by_one,False,60,0.000099,1
O20,(())())(((,off_by_one,False,70,0.000081,1
O20,(())())(((,off_by_one,False,80,0.000103,1
O21,(())())()),off_by_one,False,0,0.055061,1
O21,(())())()),off_by_one,False,10,0.512520,0
O21,(())())()),off_by_one,False,20,0.621182,0
O21,(())())()),off_by_one,False,30,0.691779,0
O21,(())())()),off_by_one,False,40,0.789827,0
O21,(())())()),off_by_one,False,50,0.735790,0
O21,(())())()),off_by_one,False,60,0.738819,0
O21,(())())()),off_by_one,False,70,0.619179,0
O21,(())())()),off_by_one,False,80,0.716992,0
O22,(())()))(),off_by_one,False,0,0.055603,1
O22,(())()))(),off_by_one,False,10,0.724092,0
O22,(())()))(),off_by_one,False,20,0.751177,0
O22,(())()))(),off_by_one,False,30,0.723567,0
O22,(())()))(),off_by_one,False,40,0.764524,0
O22,(())()))(),off_by_one,False,50,0.671596,0
O22,(())()))(),off_by_one,False,60,0.662281,0
O22,(())()))(),off_by_one,False,70,0.489883,1
O22,(())()))(),off_by_one,False,80,0.602899,0
O23,(())())))(,off_by_one,False,0,0.039506,1
O23,(())())))(,off_by_one,False,10,0.124857,1
O23,(())())))(,off_by_one,False,20,0.043242,1
O23,(())())))(,off_by_one,False,30,0.015725,1
O23,(())())))(,off_by_one,False,40,0.009895,1
O23,(())())))(,off_by_one,False,50,0.007401,1
O23,(())())))(,off_by_one,False,60,0.008593,1
O23,(())())))(,off_by_one,False,70,0.005858,1
O23,(())())))(,off_by_one,False,80,0.007854,1
O24,(())())))),off_by_one,False,0,0.060454,1
O24,(())())))),off_by_one,False,10,0.665063,0
O24,(())())))),off_by_one,False,20,0.748217,0
O24,(())())))),off_by_one,False,30,0.706963,0
O24,(())())))),off_by_one,False,40,0.771392,0
O24,(())())))),off_by_one,False,50,0.688754,0
O24,(())())))),off_by_one,False,60,0.804081,0
O24,(())())))),off_by_one,False,70,0.691959,0
O24,(())())))),off_by_one,False,80,0.761903,0
O25,(()))(((((,off_by_one,False,0,0.033176,1
O25,(()))(((((,off_by_one,False,10,0.095882,1
O25,(()))(((((,off_by_one,False,20,0.022923,1
O25,(()))(((((,off_by_one,False,30,0.002879,1
O25,(()))(((((,off_by_one,False,40,0.000085,1
O25,(()))(((((,off_by_one,False,50,0.000047,1
O25,(()))(((((,off_by_one,False,60,0.000024,1
O25,(()))(((((,off_by_one,False,70,0.000023,1
O25,(()))(((((,off_by_one,False,80,0.000025,1
O26,(()))((((),off_by_one,False,0,0.050426,1
O26,(()))((((),off_by_one,False,10,0.604159,0
O26,(()))((((),off_by_one,False,20,0.574104,0
O26,(()))((((),off_by_one,False,30,0.352486,1
O26,(()))((((),off_by_one,False,40,0.024438,1
O26,(()))((((),off_by_one,False,50,0.013179,1
O26,(()))((((),off_by_one,False,60,0.004091,1
O26,(()))((((),off_by_one,False,70,0.003885,1
O26,(()))((((),off_by_one,False,80,0.004276,1
O27,(()))((()(,off_by_one,False,0,0.035482,1
O27,(()))((()(,off_by_one,False,10,0.090629,1
O27,(()))((()(,off_by_one,False,20,0.037228,1
O27,(()))((()(,off_by_one,False,30,0.013114,1
O27,(()))((()(,off_by_one,False,40,0.002508,1
O27,(()))((()(,off_by_one,False,50,0.001448,1
O27,(()))((()(,off_by_one,False,60,0.000723,1
O27,(()))((()(,off_by_one,False,70,0.000531,1
O27,(()))((()(,off_by_one,False,80,0.000715,1
O28,(()))(()((,off_by_one,False,0,0.035537,1
O28,(()))(()((,off_by_one,False,10,0.134333,1
O28,(()))(()((,off_by_one,False,20,0.037237,1
O28,(()))(()((,off_by_one,False,30,0.008959,1
O28,(()))(()((,off_by_one,False,40,0.001160,1
O28,(()))(()((,off_by_one,False,50,0.000611,1
O28,(()))(()((,off_by_one,False,60,0.000361,1
O28,(()))(()((,off_by_one,False,70,0.000262,1
O28,(()))(()((,off_by_one,False,80,0.000347,1
O29,(()))(())),off_by_one,False,0,0.058620,1
O29,(()))(())),off_by_one,False,10,0.668289,0
O29,(()))(())),off_by_one,False,20,0.789697,0
O29,(()))(())),off_by_one,False,30,0.813421,0
O29,(()))(())),off_by_one,False,40,0.881377,0
O29,(()))(())),off_by_one,False,50,0.820506,0
O29,(()))(())),off_by_one,False,60,0.871409,0
O29,(()))(())),off_by_one,False,70,0.766081,0
O29,(()))(())),off_by_one,False,80,0.831724,0
O30,(()))()(((,off_by_one,False,0,0.033408,1
O30,(()))()(((,off_by_one,False,10,0.091474,1
O30,(()))()(((,off_by_one,False,20,0.023383,1
O30,(()))()(((,off_by_one,False,30,0.004530,1
O30,(()))()(((,off_by_one,False,40,0.000340,1
O30,(()))()(((,off_by_one,False,50,0.000180,1
O30,(()))()(((,off_by_one,False,60,0.000104,1
O30,(()))()(((,off_by_one,False,70,0.000081,1
O30,(()))()(((,off_by_one,False,80,0.000103,1
O31,(()))()()),off_by_one,False,0,0.054687,1
O31,(()))()()),off_by_one,False,10,0.492518,1
O31,(()))()()),off_by_one,False,20,0.615934,0
O31,(()))()()),off_by_one,False,30,0.693593,0
O31,(()))()()),off_by_one,False,40,0.775481,0
O31,(()))()()),off_by_one,False,50,0.733126,0
O31,(()))()()),off_by_one,False,60,0.733284,0
O31,(()))()()),off_by_one,False,70,0.635320,0
O31,(()))()()),off_by_one,False,80,0.720929,0
O32,(()))())(),off_by_one,False,0,0.054822,1
O32,(()))())(),off_by_one,False,10,0.686076,0
O32,(()))())(),off_by_one,False,20,0.703033,0
O32,(()))())(),off_by_one,False,30,0.665977,0
O32,(()))())(),off_by_one,False,40,0.669186,0
O32,(()))())(),off_by_one,False,50,0.568515,0
O32,(()))())(),off_by_one,False,60,0.517760,0
O32,(()))())(),off_by_one,False,70,0.368425,1
O32,(()))())(),off_by_one,False,80,0.475164,1
P1,((((((((((,valid_prefix,False,0,0.033112,1
P1,((((((((((,valid_prefix,False,10,0.096555,1
P1,((((((((((,valid_prefix,False,20,0.022599,1
P1,((((((((((,valid_prefix,False,30,0.002381,1
P1,((((((((((,valid_prefix,False,40,0.000059,1
P1,((((((((((,valid_prefix,False,50,0.000034,1
P1,((((((((((,valid_prefix,False,60,0.000018,1
P1,((((((((((,valid_prefix,False,70,0.000018,1
P1,((((((((((,valid_prefix,False,80,0.000019,1
P2,(((((((((),valid_prefix,False,0,0.050319,1
P2,(((((((((),valid_prefix,False,10,0.606605,0
P2,(((((((((),valid_prefix,False,20,0.571657,0
P2,(((((((((),valid_prefix,False,30,0.304658,1
P2,(((((((((),valid_prefix,False,40,0.013958,1
P2,(((((((((),valid_prefix,False,50,0.007642,1
P2,(((((((((),valid_prefix,False,60,0.002499,1
P2,(((((((((),valid_prefix,False,70,0.002510,1
P2,(((((((((),valid_prefix,False,80,0.002608,1
P3,(((((((()(,valid_prefix,False,0,0.035376,1
P3,(((((((()(,valid_prefix,False,10,0.091205,1
P3,(((((((()(,valid_prefix,False,20,0.036720,1
P3,(((((((()(,valid_prefix,False,30,0.011546,1
P3,(((((((()(,valid_prefix,False,40,0.001698,1
P3,(((((((()(,valid_prefix,False,50,0.000965,1
P3,(((((((()(,valid_prefix,False,60,0.000471,1
P3,(((((((()(,valid_prefix,False,70,0.000364,1
P3,(((((((()(,valid_prefix,False,80,0.000468,1
P4,(((((((()),valid_prefix,False,0,0.053606,1
P4,(((((((()),valid_prefix,False,10,0.521021,0
P4,(((((((()),valid_prefix,False,20,0.658480,0
P4,(((((((()),valid_prefix,False,30,0.734962,0
P4,(((((((()),valid_prefix,False,40,0.707336,0
P4,(((((((()),valid_prefix,False,50,0.605814,0
P4,(((((((()),valid_prefix,False,60,0.445983,1
P4,(((((((()),valid_prefix,False,70,0.334520,1
P4,(((((((()),valid_prefix,False,80,0.417168,1
P5,((((((()((,valid_prefix,False,0,0.035450,1
P5,((((((()((,valid_prefix,False,10,0.136780,1
P5,((((((()((,valid_prefix,False,20,0.038457,1
P5,((((((()((,valid_prefix,False,30,0.009081,1
P5,((((((()((,valid_prefix,False,40,0.000993,1
P5,((((((()((,valid_prefix,False,50,0.000495,1
P5,((((((()((,valid_prefix,False,60,0.000275,1
P5,((((((()((,valid_prefix,False,70,0.000207,1
P5,((((((()((,valid_prefix,False,80,0.000261,1
P6,((((((()(),valid_prefix,False,0,0.054352,1
P6,((((((()(),valid_prefix,False,10,0.731330,0
P6,((((((()(),valid_prefix,False,20,0.772141,0
P6,((((((()(),valid_prefix,False,30,0.745659,0
P6,((((((()(),valid_prefix,False,40,0.467309,1
P6,((((((()(),valid_prefix,False,50,0.323001,1
P6,((((((()(),valid_prefix,False,60,0.138478,1
P6,((((((()(),valid_prefix,False,70,0.105558,1
P6,((((((()(),valid_prefix,False,80,0.131585,1
P7,((((((())(,valid_prefix,False,0,0.038224,1
P7,((((((())(,valid_prefix,False,10,0.126722,1
P7,((((((())(,valid_prefix,False,20,0.047366,1
P7,((((((())(,valid_prefix,False,30,0.017301,1
P7,((((((())(,valid_prefix,False,40,0.007699,1
P7,((((((())(,valid_prefix,False,50,0.005152,1
P7,((((((())(,valid_prefix,False,60,0.004002,1
P7,((((((())(,valid_prefix,False,70,0.002774,1
P7,((((((())(,valid_prefix,False,80,0.003706,1
P8,((((((())),valid_prefix,False,0,0.058388,1
P8,((((((())),valid_prefix,False,10,0.675234,0
P8,((((((())),valid_prefix,False,20,0.799537,0
P8,((((((())),valid_prefix,False,30,0.817326,0
P8,((((((())),valid_prefix,False,40,0.879227,0
P8,((((((())),valid_prefix,False,50,0.814469,0
P8,((((((())),valid_prefix,False,60,0.860761,0
P8,((((((())),valid_prefix,False,70,0.748497,0
P8,((((((())),valid_prefix,False,80,0.816910,0
P9,(((((()(((,valid_prefix,False,0,0.033295,1
P9,(((((()(((,valid_prefix,False,10,0.091920,1
P9,(((((()(((,valid_prefix,False,20,0.023005,1
P9,(((((()(((,valid_prefix,False,30,0.004092,1
P9,(((((()(((,valid_prefix,False,40,0.000211,1
P9,(((((()(((,valid_prefix,False,50,0.000109,1
P9,(((((()(((,valid_prefix,False,60,0.000053,1
P9,(((((()(((,valid_prefix,False,70,0.000046,1
P9,(((((()(((,valid_prefix,False,80,0.000055,1
P10,(((((()((),valid_prefix,False,0,0.050637,1
P10,(((((()((),valid_prefix,False,10,0.586664,0
P10,(((((()((),valid_prefix,False,20,0.579184,0
P10,(((((()((),valid_prefix,False,30,0.468113,1
P10,(((((()((),valid_prefix,False,40,0.116879,1
P10,(((((()((),valid_prefix,False,50,0.063504,1
P10,(((((()((),valid_prefix,False,60,0.021294,1
P10,(((((()((),valid_prefix,False,70,0.016937,1
P10,(((((()((),valid_prefix,False,80,0.020589,1
P11,(((((()()(,valid_prefix,False,0,0.035861,1
P11,(((((()()(,valid_prefix,False,10,0.088554,1
P11,(((((()()(,valid_prefix,False,20,0.037823,1
P11,(((((()()(,valid_prefix,False,30,0.015944,1
P11,(((((()()(,valid_prefix,False,40,0.005891,1
P11,(((((()()(,valid_prefix,False,50,0.003717,1
P11,(((((()()(,valid_prefix,False,60,0.002345,1
P11,(((((()()(,valid_prefix,False,70,0.001605,1
P11,(((((()()(,valid_prefix,False,80,0.002206,1
P12,(((((()()),valid_prefix,False,0,0.054384,1
P12,(((((()()),valid_prefix,False,10,0.495757,1
P12,(((((()()),valid_prefix,False,20,0.616994,0
P12,(((((()()),valid_prefix,False,30,0.674653,0
P12,(((((()()),valid_prefix,False,40,0.732032,0
P12,(((((()()),valid_prefix,False,50,0.677297,0
P12,(((((()()),valid_prefix,False,60,0.652737,0
P12,(((((()()),valid_prefix,False,70,0.542763,0
P12,(((((()()),valid_prefix,False,80,0.636442,0
P13,(((((())((,valid_prefix,False,0,0.035575,1
P13,(((((())((,valid_prefix,False,10,0.120040,1
P13,(((((())((,valid_prefix,False,20,0.030683,1
P13,(((((())((,valid_prefix,False,30,0.007489,1
P13,(((((())((,valid_prefix,False,40,0.001422,1
P13,(((((())((,valid_prefix,False,50,0.000834,1
P13,(((((())((,valid_prefix,False,60,0.000561,1
P13,(((((())((,valid_prefix,False,70,0.000410,1
P13,(((((())((,valid_prefix,False,80,0.000554,1
P14,(((((())(),valid_prefix,False,0,0.054557,1
P14,(((((())(),valid_prefix,False,10,0.691001,0
P14,(((((())(),valid_prefix,False,20,0.712743,0
P14,(((((())(),valid_prefix,False,30,0.676555,0
P14,(((((())(),valid_prefix,False,40,0.640230,0
P14,(((((())(),valid_prefix,False,50,0.521231,0
P14,(((((())(),valid_prefix,False,60,0.394394,1
P14,(((((())(),valid_prefix,False,70,0.276550,1
P14,(((((())(),valid_prefix,False,80,0.362198,1
P15,(((((()))(,valid_prefix,False,0,0.038735,1
P15,(((((()))(,valid_prefix,False,10,0.114038,1
P15,(((((()))(,valid_prefix,False,20,0.041251,1
P15,(((((()))(,valid_prefix,False,30,0.015721,1
P15,(((((()))(,valid_prefix,False,40,0.009508,1
P15,(((((()))(,valid_prefix,False,50,0.007115,1
P15,(((((()))(,valid_prefix,False,60,0.007082,1
P15,(((((()))(,valid_prefix,False,70,0.004958,1
P15,(((((()))(,valid_prefix,False,80,0.006616,1
P16,(((((()))),valid_prefix,False,0,0.059174,1
P16,(((((()))),valid_prefix,False,10,0.623642,0
P16,(((((()))),valid_prefix,False,20,0.710750,0
P16,(((((()))),valid_prefix,False,30,0.658074,0
P16,(((((()))),valid_prefix,False,40,0.699987,0
P16,(((((()))),valid_prefix,False,50,0.624976,0
P16,(((((()))),valid_prefix,False,60,0.737362,0
P16,(((((()))),valid_prefix,False,70,0.627237,0
P16,(((((()))),valid_prefix,False,80,0.706186,0
P17,((((()((((,valid_prefix,False,0,0.033357,1
P17,((((()((((,valid_prefix,False,10,0.099494,1
P17,((((()((((,valid_prefix,False,20,0.023734,1
P17,((((()((((,valid_prefix,False,30,0.003324,1
P17,((((()((((,valid_prefix,False,40,0.000106,1
P17,((((()((((,valid_prefix,False,50,0.000056,1
P17,((((()((((,valid_prefix,False,60,0.000028,1
P17,((((()((((,valid_prefix,False,70,0.000026,1
P17,((((()((((,valid_prefix,False,80,0.000029,1
P18,((((()(((),valid_prefix,False,0,0.050748,1
P18,((((()(((),valid_prefix,False,10,0.619503,0
P18,((((()(((),valid_prefix,False,20,0.588323,0
P18,((((()(((),valid_prefix,False,30,0.387830,1
P18,((((()(((),valid_prefix,False,40,0.034093,1
P18,((((()(((),valid_prefix,False,50,0.017475,1
P18,((((()(((),valid_prefix,False,60,0.005132,1
P18,((((()(((),valid_prefix,False,70,0.004759,1
P18,((((()(((),valid_prefix,False,80,0.005293,1
P19,((((()(()(,valid_prefix,False,0,0.035685,1
P19,((((()(()(,valid_prefix,False,10,0.093746,1
P19,((((()(()(,valid_prefix,False,20,0.037104,1
P19,((((()(()(,valid_prefix,False,30,0.013067,1
P19,((((()(()(,valid_prefix,False,40,0.002632,1
P19,((((()(()(,valid_prefix,False,50,0.001488,1
P19,((((()(()(,valid_prefix,False,60,0.000755,1
P19,((((()(()(,valid_prefix,False,70,0.000550,1
P19,((((()(()(,valid_prefix,False,80,0.000744,1
P20,((((()(()),valid_prefix,False,0,0.054130,1
P20,((((()(()),valid_prefix,False,10,0.535744,0
P20,((((()(()),valid_prefix,False,20,0.663418,0
P20,((((()(()),valid_prefix,False,30,0.748369,0
P20,((((()(()),valid_prefix,False,40,0.782692,0
P20,((((()(()),valid_prefix,False,50,0.695870,0
P20,((((()(()),valid_prefix,False,60,0.574294,0
P20,((((()(()),valid_prefix,False,70,0.438138,1
P20,((((()(()),valid_prefix,False,80,0.541082,0
P21,((((()()((,valid_prefix,False,0,0.035903,1
P21,((((()()((,valid_prefix,False,10,0.147722,1
P21,((((()()((,valid_prefix,False,20,0.042869,1
P21,((((()()((,valid_prefix,False,30,0.012059,1
P21,((((()()((,valid_prefix,False,40,0.002521,1
P21,((((()()((,valid_prefix,False,50,0.001296,1
P21,((((()()((,valid_prefix,False,60,0.000870,1
P21,((((()()((,valid_prefix,False,70,0.000561,1
P21,((((()()((,valid_prefix,False,80,0.000763,1
P22,((((()()(),valid_prefix,False,0,0.055136,1
P22,((((()()(),valid_prefix,False,10,0.755044,0
P22,((((()()(),valid_prefix,False,20,0.803815,0
P22,((((()()(),valid_prefix,False,30,0.813588,0
P22,((((()()(),valid_prefix,False,40,0.778851,0
P22,((((()()(),valid_prefix,False,50,0.663707,0
P22,((((()()(),valid_prefix,False,60,0.478259,1
P22,((((()()(),valid_prefix,False,70,0.345445,1
P22,((((()()(),valid_prefix,False,80,0.430702,1
P23,((((()())(,valid_prefix,False,0,0.038797,1
P23,((((()())(,valid_prefix,False,10,0.137054,1
P23,((((()())(,valid_prefix,False,20,0.050577,1
P23,((((()())(,valid_prefix,False,30,0.019202,1
P23,((((()())(,valid_prefix,False,40,0.011024,1
P23,((((()())(,valid_prefix,False,50,0.007686,1
P23,((((()())(,valid_prefix,False,60,0.007298,1
P23,((((()())(,valid_prefix,False,70,0.004859,1
P23,((((()())(,valid_prefix,False,80,0.006508,1
P24,((((()())),valid_prefix,False,0,0.059341,1
P24,((((()())),valid_prefix,False,10,0.705192,0
P24,((((()())),valid_prefix,False,20,0.819947,0
P24,((((()())),valid_prefix,False,30,0.832961,0
P24,((((()())),valid_prefix,False,40,0.901567,0
P24,((((()())),valid_prefix,False,50,0.845244,0
P24,((((()())),valid_prefix,False,60,0.907029,0
P24,((((()())),valid_prefix,False,70,0.817707,0
P24,((((()())),valid_prefix,False,80,0.869779,0
P25,((((())(((,valid_prefix,False,0,0.033542,1
P25,((((())(((,valid_prefix,False,10,0.094404,1
P25,((((())(((,valid_prefix,False,20,0.023027,1
P25,((((())(((,valid_prefix,False,30,0.004309,1
P25,((((())(((,valid_prefix,False,40,0.000295,1
P25,((((())(((,valid_prefix,False,50,0.000161,1
P25,((((())(((,valid_prefix,False,60,0.000083,1
P25,((((())(((,valid_prefix,False,70,0.000070,1
P25,((((())(((,valid_prefix,False,80,0.000087,1
P26,((((())((),valid_prefix,False,0,0.051077,1
P26,((((())((),valid_prefix,False,10,0.599089,0
P26,((((())((),valid_prefix,False,20,0.578031,0
P26,((((())((),valid_prefix,False,30,0.459981,1
P26,((((())((),valid_prefix,False,40,0.152959,1
P26,((((())((),valid_prefix,False,50,0.094765,1
P26,((((())((),valid_prefix,False,60,0.036423,1
P26,((((())((),valid_prefix,False,70,0.028032,1
P26,((((())((),valid_prefix,False,80,0.036277,1
P27,((((())()(,valid_prefix,False,0,0.036168,1
P27,((((())()(,valid_prefix,False,10,0.090343,1
P27,((((())()(,valid_prefix,False,20,0.036382,1
P27,((((())()(,valid_prefix,False,30,0.014541,1
P27,((((())()(,valid_prefix,False,40,0.005520,1
P27,((((())()(,valid_prefix,False,50,0.003586,1
P27,((((())()(,valid_prefix,False,60,0.002521,1
P27,((((())()(,valid_prefix,False,70,0.001691,1
P27,((((())()(,valid_prefix,False,80,0.002427,1
P28,((((())()),valid_prefix,False,0,0.054914,1
P28,((((())()),valid_prefix,False,10,0.510641,0
P28,((((())()),valid_prefix,False,20,0.619230,0
P28,((((())()),valid_prefix,False,30,0.686001,0
P28,((((())()),valid_prefix,False,40,0.780301,0
P28,((((())()),valid_prefix,False,50,0.723515,0
P28,((((())()),valid_prefix,False,60,0.716946,0
P28,((((())()),valid_prefix,False,70,0.594806,0
P28,((((())()),valid_prefix,False,80,0.694862,0
P29,((((()))((,valid_prefix,False,0,0.036072,1
P29,((((()))((,valid_prefix,False,10,0.131080,1
P29,((((()))((,valid_prefix,False,20,0.034180,1
P29,((((()))((,valid_prefix,False,30,0.008929,1
P29,((((()))((,valid_prefix,False,40,0.002325,1
P29,((((()))((,valid_prefix,False,50,0.001397,1
P29,((((()))((,valid_prefix,False,60,0.001197,1
P29,((((()))((,valid_prefix,False,70,0.000785,1
P29,((((()))((,valid_prefix,False,80,0.001099,1
P30,((((()))(),valid_prefix,False,0,0.055421,1
P30,((((()))(),valid_prefix,False,10,0.721089,0
P30,((((()))(),valid_prefix,False,20,0.749158,0
P30,((((()))(),valid_prefix,False,30,0.723834,0
P30,((((()))(),valid_prefix,False,40,0.761269,0
P30,((((()))(),valid_prefix,False,50,0.665609,0
P30,((((()))(),valid_prefix,False,60,0.627605,0
P30,((((()))(),valid_prefix,False,70,0.460830,1
P30,((((()))(),valid_prefix,False,80,0.569641,0
P31,((((())))(,valid_prefix,False,0,0.039358,1
P31,((((())))(,valid_prefix,False,10,0.123744,1
P31,((((())))(,valid_prefix,False,20,0.043039,1
P31,((((())))(,valid_prefix,False,30,0.015745,1
P31,((((())))(,valid_prefix,False,40,0.009865,1
P31,((((())))(,valid_prefix,False,50,0.007359,1
P31,((((())))(,valid_prefix,False,60,0.008236,1
P31,((((())))(,valid_prefix,False,70,0.005631,1
P31,((((())))(,valid_prefix,False,80,0.007539,1
P32,(((()(((((,valid_prefix,False,0,0.033139,1
P32,(((()(((((,valid_prefix,False,10,0.095782,1
P32,(((()(((((,valid_prefix,False,20,0.022785,1
P32,(((()(((((,valid_prefix,False,30,0.002772,1
P32,(((()(((((,valid_prefix,False,40,0.000073,1
P32,(((()(((((,valid_prefix,False,50,0.000040,1
P32,(((()(((((,valid_prefix,False,60,0.000020,1
P32,(((()(((((,valid_prefix,False,70,0.000020,1
P32,(((()(((((,valid_prefix,False,80,0.000022,1
B1,(((()))))(,balanced_invalid,False,0,0.039497,1
B1,(((()))))(,balanced_invalid,False,10,0.119154,1
B1,(((()))))(,balanced_invalid,False,20,0.041351,1
B1,(((()))))(,balanced_invalid,False,30,0.015224,1
B1,(((()))))(,balanced_invalid,False,40,0.009455,1
B1,(((()))))(,balanced_invalid,False,50,0.007090,1
B1,(((()))))(,balanced_invalid,False,60,0.008196,1
B1,(((()))))(,balanced_invalid,False,70,0.005602,1
B1,(((()))))(,balanced_invalid,False,80,0.007548,1
B2,((()())))(,balanced_invalid,False,0,0.039493,1
B2,((()())))(,balanced_invalid,False,10,0.126071,1
B2,((()())))(,balanced_invalid,False,20,0.043589,1
B2,((()())))(,balanced_invalid,False,30,0.015884,1
B2,((()())))(,balanced_invalid,False,40,0.010156,1
B2,((()())))(,balanced_invalid,False,50,0.007625,1
B2,((()())))(,balanced_invalid,False,60,0.008874,1
B2,((()())))(,balanced_invalid,False,70,0.006084,1
B2,((()())))(,balanced_invalid,False,80,0.008087,1
B3,((())()))(,balanced_invalid,False,0,0.038957,1
B3,((())()))(,balanced_invalid,False,10,0.113181,1
B3,((())()))(,balanced_invalid,False,20,0.040933,1
B3,((())()))(,balanced_invalid,False,30,0.015699,1
B3,((())()))(,balanced_invalid,False,40,0.009702,1
B3,((())()))(,balanced_invalid,False,50,0.007308,1
B3,((())()))(,balanced_invalid,False,60,0.007820,1
B3,((())()))(,balanced_invalid,False,70,0.005411,1
B3,((())()))(,balanced_invalid,False,80,0.007296,1
B4,((()))())(,balanced_invalid,False,0,0.038952,1
B4,((()))())(,balanced_invalid,False,10,0.134398,1
B4,((()))())(,balanced_invalid,False,20,0.048876,1
B4,((()))())(,balanced_invalid,False,30,0.018241,1
B4,((()))())(,balanced_invalid,False,40,0.010273,1
B4,((()))())(,balanced_invalid,False,50,0.007266,1
B4,((()))())(,balanced_invalid,False,60,0.007393,1
B4,((()))())(,balanced_invalid,False,70,0.004854,1
B4,((()))())(,balanced_invalid,False,80,0.006621,1
B5,((())))((),balanced_invalid,False,0,0.051274,1
B5,((())))((),balanced_invalid,False,10,0.596112,0
B5,((())))((),balanced_invalid,False,20,0.577473,0
B5,((())))((),balanced_invalid,False,30,0.468365,1
B5,((())))((),balanced_invalid,False,40,0.194693,1
B5,((())))((),balanced_invalid,False,50,0.129534,1
B5,((())))((),balanced_invalid,False,60,0.068336,1
B5,((())))((),balanced_invalid,False,70,0.047966,1
B5,((())))((),balanced_invalid,False,80,0.064895,1
B6,((())))()(,balanced_invalid,False,0,0.036361,1
B6,((())))()(,balanced_invalid,False,10,0.089868,1
B6,((())))()(,balanced_invalid,False,20,0.036718,1
B6,((())))()(,balanced_invalid,False,30,0.015219,1
B6,((())))()(,balanced_invalid,False,40,0.006522,1
B6,((())))()(,balanced_invalid,False,50,0.004395,1
B6,((())))()(,balanced_invalid,False,60,0.003672,1
B6,((())))()(,balanced_invalid,False,70,0.002382,1
B6,((())))()(,balanced_invalid,False,80,0.003452,1
B7,((()))))((,balanced_invalid,False,0,0.036238,1
B7,((()))))((,balanced_invalid,False,10,0.128603,1
B7,((()))))((,balanced_invalid,False,20,0.032868,1
B7,((()))))((,balanced_invalid,False,30,0.008198,1
B7,((()))))((,balanced_invalid,False,40,0.002016,1
B7,((()))))((,balanced_invalid,False,50,0.001227,1
B7,((()))))((,balanced_invalid,False,60,0.001203,1
B7,((()))))((,balanced_invalid,False,70,0.000776,1
B7,((()))))((,balanced_invalid,False,80,0.001104,1
B8,(()(())))(,balanced_invalid,False,0,0.039378,1
B8,(()(())))(,balanced_invalid,False,10,0.123085,1
B8,(()(())))(,balanced_invalid,False,20,0.042828,1
B8,(()(())))(,balanced_invalid,False,30,0.015666,1
B8,(()(())))(,balanced_invalid,False,40,0.009841,1
B8,(()(())))(,balanced_invalid,False,50,0.007360,1
B8,(()(())))(,balanced_invalid,False,60,0.008308,1
B8,(()(())))(,balanced_invalid,False,70,0.005674,1
B8,(()(())))(,balanced_invalid,False,80,0.007620,1
B9,(()()()))(,balanced_invalid,False,0,0.038935,1
B9,(()()()))(,balanced_invalid,False,10,0.112158,1
B9,(()()()))(,balanced_invalid,False,20,0.040613,1
B9,(()()()))(,balanced_invalid,False,30,0.015884,1
B9,(()()()))(,balanced_invalid,False,40,0.010383,1
B9,(()()()))(,balanced_invalid,False,50,0.008042,1
B9,(()()()))(,balanced_invalid,False,60,0.008807,1
B9,(()()()))(,balanced_invalid,False,70,0.006268,1
B9,(()()()))(,balanced_invalid,False,80,0.008218,1
B10,(()())())(,balanced_invalid,False,0,0.038852,1
B10,(()())())(,balanced_invalid,False,10,0.130794,1
B10,(()())())(,balanced_invalid,False,20,0.047404,1
B10,(()())())(,balanced_invalid,False,30,0.017416,1
B10,(()())())(,balanced_invalid,False,40,0.009244,1
B10,(()())())(,balanced_invalid,False,50,0.006516,1
B10,(()())())(,balanced_invalid,False,60,0.006346,1
B10,(()())())(,balanced_invalid,False,70,0.004223,1
B10,(()())())(,balanced_invalid,False,80,0.005819,1
B11,(()()))((),balanced_invalid,False,0,0.051203,1
B11,(()()))((),balanced_invalid,False,10,0.591569,0
B11,(()()))((),balanced_invalid,False,20,0.577916,0
B11,(()()))((),balanced_invalid,False,30,0.485249,1
B11,(()()))((),balanced_invalid,False,40,0.236298,1
B11,(()()))((),balanced_invalid,False,50,0.159348,1
B11,(()()))((),balanced_invalid,False,60,0.088324,1
B11,(()()))((),balanced_invalid,False,70,0.059892,1
B11,(()()))((),balanced_invalid,False,80,0.081003,1
B12,(()()))()(,balanced_invalid,False,0,0.036317,1
B12,(()()))()(,balanced_invalid,False,10,0.089107,1
B12,(()()))()(,balanced_invalid,False,20,0.037087,1
B12,(()()))()(,balanced_invalid,False,30,0.016001,1
B12,(()()))()(,balanced_invalid,False,40,0.007623,1
B12,(()()))()(,balanced_invalid,False,50,0.005191,1
B12,(()()))()(,balanced_invalid,False,60,0.004494,1
B12,(()()))()(,balanced_invalid,False,70,0.002876,1
B12,(()()))()(,balanced_invalid,False,80,0.004126,1
B13,(()())))((,balanced_invalid,False,0,0.036155,1
B13,(()())))((,balanced_invalid,False,10,0.124896,1
B13,(()())))((,balanced_invalid,False,20,0.031557,1
B13,(()())))((,balanced_invalid,False,30,0.007902,1
B13,(()())))((,balanced_invalid,False,40,0.001969,1
B13,(()())))((,balanced_invalid,False,50,0.001231,1
B13,(()())))((,balanced_invalid,False,60,0.001175,1
B13,(()())))((,balanced_invalid,False,70,0.000785,1
B13,(()())))((,balanced_invalid,False,80,0.001104,1
B14,(())(()))(,balanced_invalid,False,0,0.038818,1
B14,(())(()))(,balanced_invalid,False,10,0.114422,1
B14,(())(()))(,balanced_invalid,False,20,0.041409,1
B14,(())(()))(,balanced_invalid,False,30,0.015824,1
B14,(())(()))(,balanced_invalid,False,40,0.009708,1
B14,(())(()))(,balanced_invalid,False,50,0.007296,1
B14,(())(()))(,balanced_invalid,False,60,0.007432,1
B14,(())(()))(,balanced_invalid,False,70,0.005171,1
B14,(())(()))(,balanced_invalid,False,80,0.006951,1
B15,(())()())(,balanced_invalid,False,0,0.038914,1
B15,(())()())(,balanced_invalid,False,10,0.138063,1
B15,(())()())(,balanced_invalid,False,20,0.050711,1
B15,(())()())(,balanced_invalid,False,30,0.019242,1
B15,(())()())(,balanced_invalid,False,40,0.011291,1
B15,(())()())(,balanced_invalid,False,50,0.008008,1
B15,(())()())(,balanced_invalid,False,60,0.008052,1
B15,(())()())(,balanced_invalid,False,70,0.005339,1
B15,(())()())(,balanced_invalid,False,80,0.007180,1
B16,(())())((),balanced_invalid,False,0,0.051188,1
B16,(())())((),balanced_invalid,False,10,0.600683,0
B16,(())())((),balanced_invalid,False,20,0.578541,0
B16,(())())((),balanced_invalid,False,30,0.456202,1
B16,(())())((),balanced_invalid,False,40,0.159433,1
B16,(())())((),balanced_invalid,False,50,0.102399,1
B16,(())())((),balanced_invalid,False,60,0.046679,1
B16,(())())((),balanced_invalid,False,70,0.034431,1
B16,(())())((),balanced_invalid,False,80,0.046020,1
B17,(())())()(,balanced_invalid,False,0,0.036257,1
B17,(())())()(,balanced_invalid,False,10,0.090648,1
B17,(())())()(,balanced_invalid,False,20,0.036398,1
B17,(())())()(,balanced_invalid,False,30,0.014452,1
B17,(())())()(,balanced_invalid,False,40,0.005655,1
B17,(())())()(,balanced_invalid,False,50,0.003748,1
B17,(())())()(,balanced_invalid,False,60,0.002897,1
B17,(())())()(,balanced_invalid,False,70,0.001912,1
B17,(())())()(,balanced_invalid,False,80,0.002780,1
B18,(())()))((,balanced_invalid,False,0,0.036179,1
B18,(())()))((,balanced_invalid,False,10,0.132248,1
B18,(())()))((,balanced_invalid,False,20,0.034422,1
B18,(())()))((,balanced_invalid,False,30,0.008858,1
B18,(())()))((,balanced_invalid,False,40,0.002330,1
B18,(())()))((,balanced_invalid,False,50,0.001408,1
B18,(())()))((,balanced_invalid,False,60,0.001329,1
B18,(())()))((,balanced_invalid,False,70,0.000851,1
B18,(())()))((,balanced_invalid,False,80,0.001210,1
B19,(()))((()),balanced_invalid,False,0,0.053774,1
B19,(()))((()),balanced_invalid,False,10,0.517258,0
B19,(()))((()),balanced_invalid,False,20,0.657012,0
B19,(()))((()),balanced_invalid,False,30,0.753893,0
B19,(()))((()),balanced_invalid,False,40,0.774033,0
B19,(()))((()),balanced_invalid,False,50,0.691326,0
B19,(()))((()),balanced_invalid,False,60,0.555048,0
B19,(()))((()),balanced_invalid,False,70,0.427003,1
B19,(()))((()),balanced_invalid,False,80,0.526462,0
B20,(()))(()(),balanced_invalid,False,0,0.054498,1
B20,(()))(()(),balanced_invalid,False,10,0.726475,0
B20,(()))(()(),balanced_invalid,False,20,0.762892,0
B20,(()))(()(),balanced_invalid,False,30,0.740153,0
B20,(()))(()(),balanced_invalid,False,40,0.542931,0
B20,(()))(()(),balanced_invalid,False,50,0.408627,1
B20,(()))(()(),balanced_invalid,False,60,0.213540,1
B20,(()))(()(),balanced_invalid,False,70,0.153200,1
B20,(()))(()(),balanced_invalid,False,80,0.201617,1
B21,(()))(())(,balanced_invalid,False,0,0.038371,1
B21,(()))(())(,balanced_invalid,False,10,0.124561,1
B21,(()))(())(,balanced_invalid,False,20,0.046381,1
B21,(()))(())(,balanced_invalid,False,30,0.017282,1
B21,(()))(())(,balanced_invalid,False,40,0.008375,1
B21,(()))(())(,balanced_invalid,False,50,0.005785,1
B21,(()))(())(,balanced_invalid,False,60,0.004872,1
B21,(()))(())(,balanced_invalid,False,70,0.003306,1
B21,(()))(())(,balanced_invalid,False,80,0.004521,1
B22,(()))()((),balanced_invalid,False,0,0.050830,1
B22,(()))()((),balanced_invalid,False,10,0.584658,0
B22,(()))()((),balanced_invalid,False,20,0.582335,0
B22,(()))()((),balanced_invalid,False,30,0.494613,1
B22,(()))()((),balanced_invalid,False,40,0.198079,1
B22,(()))()((),balanced_invalid,False,50,0.120935,1
B22,(()))()((),balanced_invalid,False,60,0.056284,1
B22,(()))()((),balanced_invalid,False,70,0.038340,1
B22,(()))()((),balanced_invalid,False,80,0.051419,1
B23,(()))()()(,balanced_invalid,False,0,0.036049,1
B23,(()))()()(,balanced_invalid,False,10,0.088313,1
B23,(()))()()(,balanced_invalid,False,20,0.038431,1
B23,(()))()()(,balanced_invalid,False,30,0.017119,1
B23,(()))()()(,balanced_invalid,False,40,0.007933,1
B23,(()))()()(,balanced_invalid,False,50,0.005317,1
B23,(()))()()(,balanced_invalid,False,60,0.004154,1
B23,(()))()()(,balanced_invalid,False,70,0.002676,1
B23,(()))()()(,balanced_invalid,False,80,0.003807,1
B24,(()))())((,balanced_invalid,False,0,0.035732,1
B24,(()))())((,balanced_invalid,False,10,0.118232,1
B24,(()))())((,balanced_invalid,False,20,0.030038,1
B24,(()))())((,balanced_invalid,False,30,0.007372,1
B24,(()))())((,balanced_invalid,False,40,0.001612,1
B24,(()))())((,balanced_invalid,False,50,0.000996,1
B24,(()))())((,balanced_invalid,False,60,0.000824,1
B24,(()))())((,balanced_invalid,False,70,0.000572,1
B24,(()))())((,balanced_invalid,False,80,0.000798,1
B25,(())))(((),balanced_invalid,False,0,0.050868,1
B25,(())))(((),balanced_invalid,False,10,0.614345,0
B25,(())))(((),balanced_invalid,False,20,0.582471,0
B25,(())))(((),balanced_invalid,False,30,0.393245,1
B25,(())))(((),balanced_invalid,False,40,0.049194,1
B25,(())))(((),balanced_invalid,False,50,0.027853,1
B25,(())))(((),balanced_invalid,False,60,0.009805,1
B25,(())))(((),balanced_invalid,False,70,0.008372,1
B25,(())))(((),balanced_invalid,False,80,0.010037,1
B26,(())))(()(,balanced_invalid,False,0,0.035806,1
B26,(())))(()(,balanced_invalid,False,10,0.092436,1
B26,(())))(()(,balanced_invalid,False,20,0.037013,1
B26,(())))(()(,balanced_invalid,False,30,0.013663,1
B26,(())))(()(,balanced_invalid,False,40,0.003388,1
B26,(())))(()(,balanced_invalid,False,50,0.002057,1
B26,(())))(()(,balanced_invalid,False,60,0.001209,1
B26,(())))(()(,balanced_invalid,False,70,0.000839,1
B26,(())))(()(,balanced_invalid,False,80,0.001184,1
B27,(())))()((,balanced_invalid,False,0,0.036004,1
B27,(())))()((,balanced_invalid,False,10,0.143243,1
B27,(())))()((,balanced_invalid,False,20,0.040050,1
B27,(())))()((,balanced_invalid,False,30,0.010318,1
B27,(())))()((,balanced_invalid,False,40,0.001885,1
B27,(())))()((,balanced_invalid,False,50,0.001029,1
B27,(())))()((,balanced_invalid,False,60,0.000792,1
B27,(())))()((,balanced_invalid,False,70,0.000512,1
B27,(())))()((,balanced_invalid,False,80,0.000718,1
B28,(()))))(((,balanced_invalid,False,0,0.033674,1
B28,(()))))(((,balanced_invalid,False,10,0.093291,1
B28,(()))))(((,balanced_invalid,False,20,0.023134,1
B28,(()))))(((,balanced_invalid,False,30,0.004441,1
B28,(()))))(((,balanced_invalid,False,40,0.000367,1
B28,(()))))(((,balanced_invalid,False,50,0.000206,1
B28,(()))))(((,balanced_invalid,False,60,0.000135,1
B28,(()))))(((,balanced_invalid,False,70,0.000103,1
B28,(()))))(((,balanced_invalid,False,80,0.000135,1
B29,()((())))(,balanced_invalid,False,0,0.039375,1
B29,()((())))(,balanced_invalid,False,10,0.123970,1
B29,()((())))(,balanced_invalid,False,20,0.043093,1
B29,()((())))(,balanced_invalid,False,30,0.015772,1
B29,()((())))(,balanced_invalid,False,40,0.009973,1
B29,()((())))(,balanced_invalid,False,50,0.007469,1
B29,()((())))(,balanced_invalid,False,60,0.008424,1
B29,()((())))(,balanced_invalid,False,70,0.005773,1
B29,()((())))(,balanced_invalid,False,80,0.007713,1
B30,()(()()))(,balanced_invalid,False,0,0.038906,1
B30,()(()()))(,balanced_invalid,False,10,0.112458,1
B30,()(()()))(,balanced_invalid,False,20,0.040707,1
B30,()(()()))(,balanced_invalid,False,30,0.015814,1
B30,()(()()))(,balanced_invalid,False,40,0.010133,1
B30,()(()()))(,balanced_invalid,False,50,0.007777,1
B30,()(()()))(,balanced_invalid,False,60,0.008335,1
B30,()(()()))(,balanced_invalid,False,70,0.005892,1
B30,()(()()))(,balanced_invalid,False,80,0.007789,1
B31,()(())())(,balanced_invalid,False,0,0.038844,1
B31,()(())())(,balanced_invalid,False,10,0.131871,1
B31,()(())())(,balanced_invalid,False,20,0.047925,1
B31,()(())())(,balanced_invalid,False,30,0.017659,1
B31,()(())())(,balanced_invalid,False,40,0.009448,1
B31,()(())())(,balanced_invalid,False,50,0.006610,1
B31,()(())())(,balanced_invalid,False,60,0.006404,1
B31,()(())())(,balanced_invalid,False,70,0.004226,1
B31,()(())())(,balanced_invalid,False,80,0.005829,1
B32,()(()))((),balanced_invalid,False,0,0.051185,1
B32,()(()))((),balanced_invalid,False,10,0.592878,0
B32,()(()))((),balanced_invalid,False,20,0.577433,0
B32,()(()))((),balanced_invalid,False,30,0.479407,1
B32,()(()))((),balanced_invalid,False,40,0.217939,1
B32,()(()))((),balanced_invalid,False,50,0.145230,1
B32,()(()))((),balanced_invalid,False,60,0.074999,1
B32,()(()))((),balanced_invalid,False,70,0.051870,1
B32,()(()))((),balanced_invalid,False,80,0.070264,1
